text;,sentimiento
RT @WilsonP81684382 En esta mesa en Boston se puede ver que hay fraude Modificaron la votaci√≥n de Duque con la raya central;,-1
Los seguidores de @Caidadelatorre  ac√©rrimos defensores de las propuestas populistas y subsidiarias de‚Ä¶ https://t.co/4QjV7wUcW;,-1
"17.708 votos para el mejor √≠dolo @mariobautista_ üï";, 1
 @IvanDuque @NestorMoralesC @petrogustavo Jajajja me hizo el dia;,-1
RT @PizarroMariaJo: Bases del Partido Liberales se adhieren a la campa√±a #PetroPresidente Hacen un llamado a los dem√≥cratas de todos los‚Ä¶;, 1
Libertad condicional? es que en serio hay personas c√≠nicas y √©l. https://t.co/AVdtwiZ3ow;,-1
"RT @ErikaSalamanca: Ch√°vez amaba tanto a los pobres que los multiplic√≥. Y Petro har√° lo mismo. Cuidado Colombia #NiSocialismoNiContinui‚Ä";,-1
RT@SANTAMARIAURIBE:Acu√©rdenseque.@petrogustavo ha dicho insistentemente que quiere manejarnuestos ahorros pensi√≥nales.Eso ya pas√≥en‚Ä¶;,-1
 Alg√∫n d√≠a (?) Jajajaja Es por responder unas varias preguntas viejo Vera.;,-1
RT @Danielamadrid07: @petrogustavo #PetroEnPrimeraVuelta vamos por una Colombia m√°s humana üá®üá¥‚ù§;, 1
RT @guillelombana: @argiro1961 @AlvaroUribeVel @IvanDuque @herbinhoyos @mluciaramirez @elmonitosanchez @GustavoRugeles @HassNassar @CGurisa‚Ä¶;, 1
RT @andval001: El propietario de la empresa Jaramillo Mora continua su intimidaci√≥n a sus cientos de trabajadores les asegura que si @petr‚Ä¶;, -1
"17.709 votos para el mejor √≠dolo @mariobautista_ üíï
#MTVLAINSTAMXMARIOB
#PremiosMTVMiaw,0.5";, 1
 @petrogustavo @VocesRCN Siiiiiiiiii como nooooooo;,-1
RT @cmbustamante: El sr @petrogustavo escupi√≥ para arriba y le cay√≥ en la cara. Tanto que ha difamado de los hijos de Uribe y nunca nadie‚Ä¶;,-1
RT @rudolph_s_a: Los que vamos a votar por @petrogustavo no somos de extrema izquierda. Somos de extrema indignaci√≥n por estos 200 a√±os de‚Ä¶;, 1
 @IvanDuque @petrogustavo Que raro porque en Cali andan en Volvo!!! https://t.co/buteDb8xHD;,-1
Se llama Franco Armani es argentino...... üé∂ https://t.co/MdJ3aEHonE;, 1
"RT @cmbustamante: La dif√≠cil tarea de hablar con @petrogustavo 
Se√±ores @elcolombiano Basta con o√≠r algunas intervenciones del candidato en‚Ä¶";,-1
"RT @angelamrobledo: Seg√∫n el Observatorio Rural tenemos la mejor propuesta rural y agraria para el pa√≠s

La Colombia rural sabe que pued‚Ä¶";, 1
RT @elespectador: La prohibici√≥n al porte de armas de fuego que llev√≥ a la reducci√≥n de la tasa de homicidios en Bogot√° es uno de los log‚Ä¶;, 1
RT @gerapo2006: Seg√∫n el observatorio rural de la Universidad la Salle la propuesta de @petrogustavo es la mejor calificada. √âsto no s√≥lo i‚Ä¶;, 1
Por fin en casa por fin en mi camit agh üòç;, -1
 @petrogustavo Si usted cree que solo hay 2 opciones es porque se dejo manipular de los medios e incuest‚Ä¶ https://t.co/67Y7KrYkcm;, -1
RT @lauram113: @PazQuerida @DeLaCalleHum @petrogustavo @German_Vargas @sergio_fajardo @IvanDuque No sigan consejos de asesores que prefiere‚Ä¶;, -1
RT @elespectador: Naci√≥ en Bogot√° pero fue bautizado en Ci√©naga de Oro (C√≥rdoba) de donde se siente m√°s cercano. √âl es @petrogustavo el‚Ä¶;, -1
RT @MargaritaRepo: Una prueba m√°s de que muchos quieren llegar a la presidencia a robar. Como lo hacen todos los l√≠deres del Socialismo del‚Ä¶;, -1
"RT @Eleccionescolom: En un escenario de segunda vuelta por qui√©n votar√≠a?

üîÅ @petrogustavo 
‚ù§ @German_Vargas https://t.co/LOfplaEexZ";, -1
RT @corsario602: @IvanCepedaCast Denuncian o denunci√©? Y por qu√© denuncie a @petrogustavo por instigar y promover hechos de violencia si n‚Ä¶;, -1
RT @MACMontt: @cmbustamante @petrogustavo Sera que esa deudita del pich√≥n de Petro la sacar√°n del costo del metro subterraneo de la Bogot√°‚Ä¶;, -1
"RT @apgerto: @juanramos_747 @CHC31 @IndignadosVezla @petrogustavo@IvanDuque@MariaConchita_A@AlvaroUribeVel;@alcaldeledezma@TemplarioRes‚Ä¶";, -1
"RT @jndevis: El problema no es s√≥lo q el boc√≥n hijo de .@petrogustavo sea un estafador mala paga

La verdadera lectura entre l√≠neas de es‚Ä¶";, -1
RT @elespectador: La prohibici√≥n al porte de armas de fuego que llev√≥ a la reducci√≥n de la tasa de homicidios en Bogot√° es uno de los log‚Ä¶;, -1
#PetroEnBlu Hoy podemos estar totalmente seguros que los medios nunca los cerrar√° la Colombia Humana. Ellos se cier‚Ä¶ https://t.co/qnsZAAmv35;, 1
"RT @EIExpedienteCol: \Cuando mi pap√° gane la presidencia le pago los $120 millones\"" Nicolas Petro cuadra sus cuentas para luego de eleccion‚Ä¶""";, 1
RT @CMarioLopezJ: #LaPol√≠ticaDelAgua coincide con @petrogustavo  la defensa del borde sur d Ch√≠a @ReservaVDHammen significa 1. Protecci√≥n d‚Ä¶;, 1
Es verdad que este criminal @petrogustavo  ama tanto a los pobres que los quiere multiplicar...! https://t.co/a1X1walHqL;,-1
RT @HOLLMANMORRIS: El pueblo de Gait√°n y de Gal√°n se une a la Colombia Humana. ¬°Sectores liberales anuncian hoy en Bogot√° su apoyo a @petro‚Ä¶;, 1
Esto es lo que voy hacer el resto de la semana @petrogustavo @angelamrobledo @GustavoBolivar dios los bendiga‚Ä¶ https://t.co/ooJ9lwvZz1;, 1
"RT @EdgMauGarcia: ¬øQue propone @petrogustavo?

#ConPetroAvanzamosPa√≠s.
#PetroPresidente. https://t.co/IvqnbFTC6R";,-1
RT @archangelusvzla: @BeatrizEFlorez1 @CHC31 @petrogustavo @IvanDuque @MariaConchita_A @AlvaroUribeVel @alcaldeledezma @TemplarioResisT @Al‚Ä¶;,-1
"RT @GongoraVar: @CarlosS82074261 @BluRadioCo @petrogustavo El estilo socialista: ...\me eliges o me impongo a la fuerza\""""";,-1
RT @EdgMauGarcia: Somos j√≥venes comprometidos con un ideal de cambio y progreso para Colombia que vemos en @petrogustavo la √∫nica opci√≥n d‚Ä¶;, 1
RT @cmbustamante: El sr @petrogustavo escupi√≥ para arriba y le cay√≥ en la cara. Tanto que ha difamado de los hijos de Uribe y nunca nadie‚Ä¶;,-1
 @nytimeses @petrogustavo @nicolaspetroB @GustavoBolivar @PizarroMariaJo @DavidRacero @ColombiaHumana_‚Ä¶ https://t.co/al9MhCKHf7;,-1
 @ClaudiaLopez @AngelicaLozanoC @petrogustavo @amoralesan @jcuestanovoa No es perder el tiempo busca‚Ä¶ https://t.co/Ux3cBnwITB;,-1
RT @pedrogarciao: Me entero leyendo prensa que @petrogustavo mismo que vio los anaqueles de los supermercados llenos en Caracas y quiere s‚Ä¶;,-1
 @LiteratoCarlos @DidierBecerra5 @alulava @mluciaramirez @MariaUribe64 @BluRadioCo @petrogustavo Seg√∫n uste‚Ä¶ https://t.co/uIfCog9XVX;,-1
 Es un reto jajaja;,-1
RT @HOLLMANMORRIS: Importante adhesi√≥n de sectores liberales a @petrogustavo. Creen en la propuesta de la Colombia Humana. Este domingo vam‚Ä¶;, 1
RT @ClaudiaLopez: Los amaba tanto que dispar√≥ la pobreza y miseria en Venezuela https://t.co/qM7cABnFDn;,-1
 @petrogustavo @IvanDuque Se√±or a lo suyo por favor. Por este lado sus cr√≠ticas quedan en el aire.‚Ä¶ https://t.co/JOLj5NnMXu;,-1
"Estoy viendo en h&amp;h que una chica de 19 a√±os se opera la nariz implantes mamarios y se hace el culo. Muero de envidia";,-1
 ¬øQu√© ocultar√°... @petrogustavo? sus seguidpres sin argumentos sobre el tema. https://t.co/XAyLwj3TXi;,-1
RT @smilelalis: A mi me demuestran con pruebas que @petrogustavo es un corrupto y ese mismo d√≠a lo dejo de apoyar pero salir con bobadas c‚Ä¶;, 1
RT @amompotes: ¬°Llega #ElDebate! Escuche las ideas de @IvanDuque @petrogustavo @sergio_fajardo @german_vargas y @delacallehum este jueve‚Ä¶;,-1
RT @BluRadioCo: #AlAire ‚ÄúSe necesita quitarle el control a los banqueros del dinero pensional‚Äù: @petrogustavo #Ma√±anasBLU #PetroEnBLU https‚Ä¶;, 1
"RT @isamg6: #PetroEnBLU  @petrogustavo dice que Hugo Ch√°vez quer√≠a a los pobres los quer√≠a pero POBRES. \NO es que vamos a sacar a la gent‚Ä¶""";,-1
RT @RiveraMarcelo20: @petrogustavo Ya le cumpl√≠ a Colombia Humana 2018 La Paz con justicia social: m√°s libros y menos armas para que los j‚Ä¶;, 1
" @petrogustavo UN BANDIDO LADR√ìN
 NO QUIERE A NADIE";,-1
RT @JaviGuacaneme: \La educaci√≥n es un DERECHO y debe ser gratuita o deja de ser derecho si hay q pagar alguien se queda sin derecho;,-1
"Colo‚Ä¶""";,-1
RT @jbagbam74: Qu√© opinan los intelectuales que apoyan a @sergio_fajardo de su reuni√≥n con @petrogustavo ?;, 1
 @HOLLMANMORRIS @petrogustavo Ya tiene uno en su staff!;, 1
"17.711 votos para el mejor √≠dolo @mariobautista_ üíï

#MTVLAINSTAMXMARIOB
#PremiosMTVMiaw";,-1
RT @HOLLMANMORRIS: Cuando @petrogustavo entreg√≥ viviendas en Bogot√°. Ahora lo har√° en todo Colombia. https://t.co/Q9MYx5mEo9;, 1
RT @MargaritaRepo: Una prueba m√°s de que muchos quieren llegar a la presidencia a robar. Como lo hacen todos los l√≠deres del Socialismo del‚Ä¶;,-1
"RT @JJTrellezV: El video que @petrogustavo no quiere que nadie vea
https://t.co/zyJzWpngC9";,-1
"RT @luismorales0621: Hoy en @BluRadioCo @petrogustavo afirm√≥ que entreg√≥ los hospitales distritales con \super√°vit\"". No es posible hablar d‚Ä¶""";, 1
 El de mis codos no??;,-1
RT @CesarPachonAgro: Nunca imagin√© como Campesino que pudiera estar compartiendo un sue√±o de pa√≠s al lado de un gran hombre y un gran equip‚Ä¶;,-1
RT @JusticiaesPaz34: Y @petrogustavo que dir√°??????? https://t.co/TXKzwKQz2N;,-1
RT @lasillavacia: . @petrogustavo es el √∫nico candidato presidencial que no ha revelado su declaraci√≥n de renta m√°s reciente. Eso deja vari‚Ä¶;,-1
RT @VengaPregunteme: Cite en este trino el orden en el cu√°l votar√≠a sea @DeLaCalleHum @sergio_fajardo @German_Vargas @IvanDuque @petro‚Ä¶;,-1
RT @ClaudiaLopez: Qu√© tal esto. Gustavo Bol√≠var volvi√≥ ‚Äúdelito‚Äù criticar las propuestas o pronunciamientos de Petro....si eso es simplement‚Ä¶;,-1
 @BluRadioCo @petrogustavo Buena explicaci√≥n el t√©rmino desmontar se presta para mal interpretar.‚Ä¶ https://t.co/IkU61icYW8;, 1
RT @elespectador: Naci√≥ en Bogot√° pero fue bautizado en Ci√©naga de Oro (C√≥rdoba) de donde se siente m√°s cercano. √âl es @petrogustavo el‚Ä¶;, 1
 @NestorMoralesC @petrogustavo Ya no escucho BLU Radio me pas√© a RCN AM con Yolanda R√≠os lo mejorcito de RCN.;, 1
 @TimoFARC @FARC_EPueblo @petrogustavo No crean en nada que se parezca a chavez;,-1
 @CesarPachonAgro @ammejiaaguado @PizarroMariaJo @nicolaspetroB @petrogustavo @HOLLMANMORRIS‚Ä¶ https://t.co/G4NAeuN3vJ;, 1
"RT @SANTAMARIAURIBE: Acu√©rdense que .@petrogustavo ha dicho insistentemente que quiere manejar nuestros ahorros pensi√≥nales.
Eso ya pas√≥ en‚Ä¶";,-1
La verdad sobre @petrogustavo y el M19  https://t.co/6l04QLOpjk;,-1
 @RevistaSemana @petrogustavo Es as√≠ movilizar mantenidos y hampones...qu√© peligro este tipo!;,-1
"RT @Canal1Colombia: Una de las frases m√°s pol√©micas de @petrogustavo en esta campa√±a presidencial. ¬øUsted qu√© opina?

Siga las #EleccionesC‚Ä¶";,-1
RT @Annonnymous_R: Alerta fraude electoral en consulado espa√±a! @petrogustavo @GustavoBolivar @PaisMenosPeor @hackerFiscalia https://t.co/k‚Ä¶;, 1
RT @DIEGOTIUZO: ¬øAlguien recuerda si el se√±or @petrogustavo hace 4 a√±os cuando apoy√≥ de frente la candidatura de los se√±ores @JuanManSantos‚Ä¶;,-1
RT @graffitiborrao: Alejandra Barrios directora de la MOE-Misi√≥n de Observaci√≥n Electoral le da la raz√≥n a @petrogustavo no se hizo audi‚Ä¶;,-1
"RT @Eleccionescolom: En un escenario de segunda vuelta por qui√©n votar√≠a?

üîÅ @petrogustavo 
‚ù§ @German_Vargas https://t.co/LOfplaEexZ";, 1
"RT @VLADDO: Es ingenuo ‚Äîabsurdo, incluso‚Äî pensar que el ant√≠doto contra @AlvaroUribeVel es @petrogustavo; y viceversa.
Esa no puede ser la‚Ä¶";,-1
RT @Andres7mendoza: @JorgeMa22329310 @elespectador @petrogustavo Si todos los que piensan por usted votaran por el lo tendriamos como pres‚Ä¶;, 1
"RT @OscarG_Sanchez: Esto hay que leerlo. Semana reconoce los 48 colegios de @petrogustavo: 18 constru√≠dos 7 comprados y 23 en obra.

Gusta‚Ä¶";, 1
RT @CocaOswaldo23: Si @petrogustavo pierde las elecciones hay fraude y si en el hipot√©tico caso que gane? El fraude sigue? #PatriaBoba;, 1
 Compa si gana esa basura @petrogustavo cr√©ame que le quitan lo que sea as√≠ es el socialismo joden al que‚Ä¶ https://t.co/DitBrxSbmi;,-1
 @elsemblante @SintraemsdesCal @pensando_inc @petrogustavo Me pregunt√≥ si tuvo el mismo inter√©s en l‚Ä¶ https://t.co/bSSOgxMgi6;,-1
RT @angelamrobledo: Esta noche a las 8:30 pm estar√© en Canal Capital conversando de las propuestas con las que junto con @petrogustavo vamo‚Ä¶;, 1
RT @YAMBITARA: S√≠ petristas es el hijo de @petrogustavo y es Rugeles quien se lo destapa... Pero las pruebas que les muestra merecen que p‚Ä¶;,-1
 @GustavoBolivar @GiordanoBrunoFi @S_Caballer0 @petrogustavo @sergio_serrano_ @Sebasripiau @periodista19‚Ä¶ https://t.co/bYr1PM7uT2;, 1
"RT @OscarG_Sanchez: Esto hay que leerlo. Semana reconoce los 48 colegios de @petrogustavo: 18 constru√≠dos 7 comprados y 23 en obra.

Gusta‚Ä¶";, 1
Necesito saber la direccion exacta de @Kabina1mayo;,-1
Disfrutando del lanzamiento oficial de la #TemporadaDeFestivales https://t.co/CO9hUAwzZ2;,-1
"17.710 votos para el mejor √≠dolo @mariobautista_ üíï

#MTVLAINSTAMXMARIOB
#PremiosMTVMiaw";, 1
 @LuisCar80177716 @Xx41032218 @mluciaramirez @BluRadioCo @petrogustavo Estudie.;,-1
 @EnriquePenalosa Gente que responde a un mensaje de condolencias con agresiones pol√≠ticas es igual de c√≠nico o peor.;,-1
RT @cmbustamante: Se cuecen habas! ... @petrogustavo @sergio_fajardo https://t.co/ZHpEBXhEI8;, 1
"RT @ByHumana: M√∫ltiples razones tienen los j√≥venes para votar por @petrogustavo PRESIDENTE
#ColombiaHumanaYa
@JovenesConPetro
@JuventudProg‚Ä¶";, 1
Te ganaste los votos de la comunidad lgtb. https://t.co/91NUQIBrJ7;, 1
 @CesarPachonAgro @petrogustavo @GustavoBolivar @PizarroMariaJo @AlirioUribeMuoz @ExtraBoyaca‚Ä¶ https://t.co/NIIcT82jSj;,-1
"RT @VLADDO: Es ingenuo ‚Äîabsurdo incluso‚Äî pensar que el ant√≠doto contra @AlvaroUribeVel es @petrogustavo; y viceversa.
Esa no puede ser la‚Ä¶";,-1
"RT @CaracolRadio: #EleccionesColombia | @petrogustavo es el √∫nico candidato que no ha hecho p√∫blica su declaraci√≥n de renta

---&gt; https://t‚Ä¶";,-1
RT @ClaudiaLopez: Los amaba tanto que dispar√≥ la pobreza y miseria en Venezuela https://t.co/qM7cABnFDn;,-1
RT @JJoseTrujillo: Que un hp mantenido como el hijo de @petrogustavo -el tal @nicolaspetroB- ande negociando a futuro sus deudas esperanzad‚Ä¶;,-1
RT @JuanRealDC: No pues Petro sali√≥ m√°s torturado que Jos√© Raquel Mercado el sindicalista al que el M-19 secuestr√≥ tortur√≥ mat√≥ y arroj‚Ä¶;,-1
"RT @VLADDO: Es ingenuo ‚Äîabsurdo incluso‚Äî pensar que el ant√≠doto contra @AlvaroUribeVel es @petrogustavo; y viceversa.
Esa no puede ser la‚Ä¶";,-1
"RT @CaracolRadio: #EleccionesColombia | @petrogustavo es el √∫nico candidato que no ha hecho p√∫blica su declaraci√≥n de renta

---&gt; https://t‚Ä¶";,-1
RT @ClaudiaLopez: Qu√© tal esto. Gustavo Bol√≠var volvi√≥ ‚Äúdelito‚Äù criticar las propuestas o pronunciamientos de Petro....si eso es simplement‚Ä¶;,-1
RT @lasillavacia: . @petrogustavo es el √∫nico candidato presidencial que no ha revelado su declaraci√≥n de renta m√°s reciente. Eso deja vari‚Ä¶;,-1
RT @ELTIEMPO: ¬°No deje que otros decidan por usted! Este jueves 24 de mayo los candidatos a la Presidencia de Colombia @DeLaCalleHum @petr‚Ä¶;, 1
RT @Antequerajose: Esta noche a las 8:30 la candidata a la Vicepresidencia de Colombia Humana @angelamrobledo en @CanalCapital https://t.co‚Ä¶;, 1
"17.711 votos para el mejor √≠dolo @mariobautista_ üíï

#MTVLAINSTAMXMARIOB
#PremiosMTVMiaw";,-1
RT @juanaafanador1: Yo Juana Afanador les invito a votar este domingo 27 de Mayo por @petrogustavo . Llenos de esperanza y de emoci√≥n! #Fe‚Ä¶;, 1
 @petrogustavo Esa Vieja estaba muy afanada por casarse pensaria que se iba a quedar soltera?;, 1
RT @angelamrobledo: Periodistas de @BluRadioCo a tomar goticas de https://t.co/yMOR9KD9RO lograron arrinconar a @petrogustavo entre el cu√±a‚Ä¶;,-1
"RT @HOLLMANMORRIS: NO HABR√Å OBSERVACI√ìN INTERNACIONAL DE LAS ELECCIONES EN COLOMBIA 1/2.
Paul Emile Dupret, jurista del Parlamento Europeo‚Ä¶";, 1
"RT @EdgMauGarcia: \Igual de irracional que fue meter el dinero de la educaci√≥n en la guerra... igual de irracional es usar nuestra agua par‚Ä¶""";,-1
#RecursoNORenovable....les suena el t√©rmino!!!??? https://t.co/1LE4Rajjtl;, 1
 Y por qu√© cuando baj√≥ tanto el precio del petr√≥leo no lo hizo as√≠ la gasolina en Colombia? No me cuadra esa explicaci√≥n;,-1
"RT @ErikaSalamanca: Ch√°vez amaba tanto a los pobres que los multiplic√≥. Y Petro har√° lo mismo. Cuidado Colombia. 

#NiSocialismoNiContinui‚Ä¶";, 1
Jueputa ya ni vida social tengo creo que debo cambiar de trabajo üòîüòî;,-1
RT @rudolph_s_a: Los que vamos a votar por @petrogustavo no somos de extrema izquierda. Somos de extrema indignaci√≥n por estos 200 a√±os de‚Ä¶;, 1
 @petrogustavo Seg√∫n la Fiscal√≠a (El Tiempo 15-10-17 ) el partido de la U es la fuerza con mayor n√∫mer‚Ä¶ https://t.co/zb3nCmuF1W;,-1
RT @Fannygonzalezt: A los enemigos de #HidroItuango encabezados por @petrogustavo y @elespectador les cuento que fue superada la etapa cr√≠t‚Ä¶;, 1
 @pabloemoralesz @javosss @rvargas1076 @EIExpedienteCol @petrogustavo Ese el unico que se rebaja al nivel de Petro;, 1
"RT @CaracolRadio: #EleccionesColombia | @petrogustavo es el √∫nico candidato que no ha hecho p√∫blica su declaraci√≥n de renta

---&gt; https://t‚Ä¶";,-1
RT @BluRadioCo: #AlAire ‚ÄúNo vamos a quitar la propiedad privada no vamos a expropiar a nadie nunca lo hice como alcalde de Bogot√°‚Äù: @petr‚Ä¶;, 1
 Estuviste de mal genio y con sue√±o?;,-1
RT @hernan_ribon: @petrogustavo @HOLLMANMORRIS @GustavoBolivar @carlosecaicedo Desde #Argentina nos env√≠a esta foto  apoyando  la propuest‚Ä¶;,-1
RT @VLADDO: Que @petrogustavo no divulgue su declaraci√≥n de renta no s√≥lo es una decisi√≥n torpe y arrogante sino que no es coherente con s‚Ä¶;, 1
"RT @ColombiaHumana_: Lo que debes saber para cuidar los votos.

Encuentro de l√≠deres con @petrogustavo y @angelamrobledo https://t.co/WCHCr‚Ä¶";, 1
RT @ClaudiaLopez: Qu√© tal esto. Gustavo Bol√≠var volvi√≥ ‚Äúdelito‚Äù criticar las propuestas o pronunciamientos de Petro....si eso es simplement‚Ä¶;,-1
RT @apgerto: @juanramos_747 @CHC31 @IndignadosVezla @petrogustavo @IvanDuque @MariaConchita_A @AlvaroUribeVel @alcaldeledezma @TemplarioRes‚Ä¶;, 1
RT @lilianamelo: Que sinverg√ºenza! Ahora el pago de deudas es cuesti√≥n de ganar la presidencia? Nicol√°s Petro Hijo de @petrogustavo cumpl‚Ä¶;,-1
"17.712 votos para el mejor √≠dolo @mariobautista_ üíï

#MTVLAINSTAMXMARIOB
#PremiosMTVMiaw";,-1
" Muy buenas noches
Un saludo desde Bogot√° colombia";, 1
RT @YAMBITARA: S√≠ petristas es el hijo de @petrogustavo y es Rugeles quien se lo destapa... Pero las pruebas que les muestra merecen que p‚Ä¶;, 1
RT @Contravia: 'Usted quiere que la opini√≥n p√∫blica crea que apoyo a Maduro lo repite cada ma√±ana y eso es falso' @petrogustavo en @BluRad‚Ä¶;, 1
RT @cmbustamante: El sr @petrogustavo escupi√≥ para arriba y le cay√≥ en la cara. Tanto que ha difamado de los hijos de Uribe y nunca nadie‚Ä¶;, 1
RT @smilelalis: A mi me demuestran con pruebas que @petrogustavo es un corrupto y ese mismo d√≠a lo dejo de apoyar pero salir con bobadas c‚Ä¶;, 1
RT @JuanRealDC: Ahora digan que el de la Foto de la plana mayor del M-19 no es @petrogustavo üôä https://t.co/dOYN4bAub5;,-1
RT @perseovelez: @cmbustamante @petrogustavo Pero los medios no dicen nada de esto donde estan @RevistaSemana @WRadioColombia @CaracolRadi‚Ä¶;, 1
RT @DanielSamperO: Gracias a @DeLaCalleHum @sergio_fajardo y @petrogustavo por asistir ayer a #YoutubersVsCandidatos: ejemplar su compromi‚Ä¶;, 1 
" @petrogustavo La ridiculez en su punto m√°ximo ajjajajajajajaja #Yovoyconpetro 
Ser√© una mocosa, pero pare‚Ä¶ https://t.co/ZGO2wHhMhA";, 1
RT @La_eche: Nunca escucho a @LaPullaOficial x gritona y xq esa manera f√°cil de hacer periodismo me parece peligrosa sin embargo tanto le‚Ä¶;,-1
 Un articulo que usted dir√° que es un montaje... https://t.co/ePsYBwmzo0;, 1
 @AdamSmithFree @BluRadioCo @mpatino89 @petrogustavo Muy mal esos ejemplos son de pendejos vayan a‚Ä¶ https://t.co/USH5ggv8tJ;,-1
"RT @Eleccionescolom: En un escenario de segunda vuelta por qui√©n votar√≠a?

üîÅ @sergio_fajardo 
‚ù§ @petrogustavo https://t.co/9ZDZmgusFb";, 1
 @Ed_arry @sergio_fajardo @petrogustavo Parece que Las maquinarias se van a quemar que piensan üëèüèªüëèüèª https://t.co/sYUnRPyLaZ;, 1
Lo que faltaba en la red...... https://t.co/VKq4sV4WjC;, 1
Morales es inmoral deber√≠a aclarar que es cu√±ado de Duque https://t.co/Pje9HXDcNp;,-1
Les presento al profesor @charry_manager quien hizo parte del equipo t√©cnico encargado de dise√±ar las propuestas ag‚Ä¶ https://t.co/lj7zLT29B7;, 1
Que pecadito con el angelito!! @petrogustavo sinverguenzas!!! @GustavoBolivar https://t.co/4ax8blzIzy;,-1
RT @RevistaSemana: #Confidenciales | @ClaudiaLopez le pide a @petrogustavo su declaraci√≥n de renta https://t.co/tJNS0rpJWF https://t.co/CQQ‚Ä¶;, 1
 @GolCaracol Somos all√°!;, 1
RT @EdgMauGarcia: Somos j√≥venes comprometidos con un ideal de cambio y progreso para Colombia que vemos en @petrogustavo la √∫nica opci√≥n d‚Ä¶;, 1
"RT @ColombiaHumana_: Lo que debes saber para cuidar los votos.

Encuentro de l√≠deres con @petrogustavo y @angelamrobledo https://t.co/WCHCr‚Ä¶";, 1
RT @AlejoCons: Acabo de escuchar est√° entrevista jajajaja la peinada de @petrogustavo a @NestorMoralesC es incre√≠ble. El cu√±ado insist√≠a en‚Ä¶;, 1
RT @harold_cortes1: Cuando @petrogustavo salga a hablar de los hijos de Uribe hay que mostrarle la investigaci√≥n de @GustavoRugeles publica‚Ä¶;,-1
RT @rudolph_s_a: Los que vamos a votar por @petrogustavo no somos de extrema izquierda. Somos de extrema indignaci√≥n por estos 200 a√±os de‚Ä¶;, 1
RT @ManosLimpiasCo: ATENCION: Alejandra Barrios directora de @moecolombia confirma que lo que dice @petrogustavo. La @Registraduria debe p‚Ä¶;, 1
Mi cumplea√±os huele a Cartagena ü§©üåä‚òÄÔ∏è‚ù§Ô∏è;,-1
 @petrogustavo @GustavoBolivar @PizarroMariaJo @ELDIARIOBOYACA @boyacasietedias @AlirioUribeMuoz‚Ä¶ https://t.co/uXA8wBQW2f;, 1
RT @DanielSamperO: Gracias a @DeLaCalleHum @sergio_fajardo y @petrogustavo por asistir ayer a #YoutubersVsCandidatos: ejemplar su compromi‚Ä¶;, 1
 @petrogustavo para eso existen las vias democr√°ticas y otros paises donde crecen tambi√©n los aguacates #elcambioesya;,-1
 @petrogustavo @sergio_fajardo @DeLaCalleHum Tienes raz√≥n Diana el objetivo es que el t√≠tere no quede de Presidente;,-1
"RT @CaracolRadio: #EleccionesColombia | @petrogustavo es el √∫nico candidato que no ha hecho p√∫blica su declaraci√≥n de renta

---&gt; https://t‚Ä¶";, 1
RT @pedrogarciao: Me entero leyendo prensa que @petrogustavo mismo que vio los anaqueles de los supermercados llenos en Caracas y quiere s‚Ä¶;,-1
 @NestorMoralesC @petrogustavo Nunca he visto a @NestorMoralesC tan perfectamente peinado como lo p‚Ä¶ https://t.co/HFbxugxr7j;, 1
 @GustavoBolivar @petrogustavo Digno y brillante. Grandes Sr Petro.;, 1
RT @LedyBlanco3: Este Hombre es la esperanza de Colombia el es el sue√±o de miles de Colombianos por una Colombia Libre este hombre se√±ora‚Ä¶;, 1
 echando pola con todos@petrogustavo besando abuelitos @German_Vargas bailando en tv nacional junto a‚Ä¶ https://t.co/ywp9banyVU;, 1
RT @Vargas_Lleras_: Vamos comprendiendo por donde va el negocio de las energ√≠as limpias @petrogustavo @nicolaspetroB https://t.co/HexpLqfEhq;, 1
RT @VLADDO: Que @petrogustavo no divulgue su declaraci√≥n de renta no s√≥lo es una decisi√≥n torpe y arrogante sino que no es coherente con s‚Ä¶;, 1
"RT @JuanRealDC: El hijo de Petro cara de emprendedor emprendedor no tiene...
Para m√≠ que esa pl√°tica era para invitar a Mafe Carrascal que‚Ä¶";,-1
"RT @GustavoRugeIes: #Daro Casi linchan a @petrogustavo a su llegada a Cartagena; esto es lo qu√© pasa siempre pero √©l dice que es apoyo popu‚Ä¶";,-1
RT @andrewholes: Me gustar√≠a preguntarle a @petrogustavo por qu√© los votos que van a depositar por √©l son limpios mientras que los que va‚Ä¶;, 1
‚ÄúNo s√©‚Äù https://t.co/9MV9eC5OIg;,-1
RT @RevistaSemana: #Confidenciales | @ClaudiaLopez le pide a @petrogustavo su declaraci√≥n de renta https://t.co/tJNS0rpJWF https://t.co/CQQ‚Ä¶;, 1
"RT @GustavoRugeles: \Cuando gane la presidencia le pago los $120 millones\"". @nicolaspetroB cuadra sus cuentas para luego de elecciones.";,-1
"E‚Ä¶""";,-1
 @petrogustavo Hubiese sido Tom√°s o Jer√≥nimo da do esta respuestas el esc√°ndalo hubiese llenado primeras‚Ä¶ https://t.co/EElAz5wKjJ;, 1
RT @ManosLimpiasCo: ATENCION: Alejandra Barrios directora de @moecolombia confirma que lo que dice @petrogustavo. La @Registraduria debe p‚Ä¶;, 1
 @petrogustavo Mucho de Petro tiene sentido pero cual es su real proposito;, 1
RT @juanaafanador1: Yo Juana Afanador les invito a votar este domingo 27 de Mayo por @petrogustavo . Llenos de esperanza y de emoci√≥n! #Fe‚Ä¶;, 1
RT @AndrsTrece: Aaaay. Pero con la de Uribe eso s√≠ es un acto de amor. https://t.co/f90zYM0HHm;, 1
"RT @ErikaSalamanca: Ch√°vez amaba tanto a los pobres que los multiplic√≥. Y Petro, har√° lo mismo. Cuidado Colombia.

#NiSocialismoNiContinui‚Ä¶";,-1
RT @MCristi66485088: @cmbustamante @petrogustavo ¬°Hijo de rata rata!. Es igual a su padre. Las ratas ¬°NO deber√≠an reproducirse!.;,-1
RT @VLADDO: Que @petrogustavo no divulgue su declaraci√≥n de renta no s√≥lo es una decisi√≥n torpe y arrogante sino que no es coherente con s‚Ä¶;, 1
RT @Teticaida: Hola @petrogustavo ya vot√© por ti. üòç Hola @angelamrobledo ya vot√© por ti tambi√©n üòç https://t.co/xgEUipGIf2;, 1
 @petrogustavo importante tmb cuidar los votos necesitamos un testigo en cada mesa para evitar el fraud‚Ä¶ https://t.co/lJ3PpoDtaf;, 1
RT @ClaudiaLopez: Los amaba tanto que dispar√≥ la pobreza y miseria en Venezuela https://t.co/qM7cABnFDn;,-1
RT @josiasfiesco: El unico software que funciona y le da confianza a @petrogustavo es el de Maduro. #Ma√±anasBLU #PetroEnBLU;,-1
Inspirar confianza.! Ser transparente est√° en las transacciones en #Blockchain Dice @JorgeHAriasB @OracleCOL‚Ä¶ https://t.co/KogIxkOnEX;, 1
A m√≠ me responden cada tres horas y yo si como marica respondiendo al momentico üòë;,-1
RT @gerapo2006: El salto del petr√≥leo a la transici√≥n energ√©tica es una necesidad inmediata o para la econom√≠a nacional. @petrogustavo es e‚Ä¶;, 1
RT @saludhernandezm: Pregunta a @petrogustavo : Si voy a la plaza el domingo a las 4.30 cargo piedras? Llevo pancartas de ‚ÄúNos robaron‚Äù? Q‚Ä¶;, 1
Yo cuando gano un proceso. https://t.co/QaVshmhoi7;, 1
 Tener un alguien.;, 1
 @LiteratoCarlos @DidierBecerra5 @alulava @mluciaramirez @MariaUribe64 @BluRadioCo @petrogustavo Ahora‚Ä¶ https://t.co/8Epgjscflm;, 1
RT @rudolph_s_a: Los que vamos a votar por @petrogustavo no somos de extrema izquierda. Somos de extrema indignaci√≥n por estos 200 a√±os de‚Ä¶;, 1
RT @HOLLMANMORRIS: Cuando @petrogustavo entreg√≥ viviendas en Bogot√°. Ahora lo har√° en todo Colombia. https://t.co/Q9MYx5mEo9;, 1
RT @pedrogarciao: Me entero leyendo prensa que @petrogustavo mismo que vio los anaqueles de los supermercados llenos en Caracas y quiere s‚Ä¶;,-1
RT @cmbustamante: El sr @petrogustavo escupi√≥ para arriba y le cay√≥ en la cara. Tanto que ha difamado de los hijos de Uribe y nunca nadie‚Ä¶;,-1
RT @GuillermoBotero: Incre√≠bles 2 cosas:@petrogustavo desconoce resultados electorales Venezuela por fraudulentas. En cambio aqu√≠ denuncia‚Ä¶;,-1
 @petrogustavo Mas f√°cil se gana el baloto;, 1
RT @MOinternationa: Todo comunista sue√±a con el poder y llegar a la Presidencia para desde ah√≠ acabar con los ricos convertirlos en pobres‚Ä¶;,-1
RT @PaolitaLopez: @johnalexmh @VLADDO @petrogustavo Desde esa l√≥gica Petro se est√° igualando a AUV;,-1
"RT @Eleccionescolom: En un escenario de segunda vuelta por qui√©n votar√≠a?

üîÅ @petrogustavo 
‚ù§ @German_Vargas https://t.co/LOfplaEexZ";, 1
 @petrogustavo @JACOBOSOLANOC Ya di√≥ las explicaciones esta ma√±ana en @BluRadioCo;, 1
"RT @HOLLMANMORRIS: \Desde que tengo uso de raz√≥n Colombia sigue igual este pa√≠s necesita un cambio una persona inteligente porque de eso‚Ä¶""";, 1
RT @HOLLMANMORRIS: Cuando @petrogustavo entreg√≥ viviendas en Bogot√°. Ahora lo har√° en todo Colombia. https://t.co/Q9MYx5mEo9;, 1
"RT @Marianiniecheve: M√°s incendiario que el cu√±ado de Duque @NestorMoralesC pregunt√°ndole a @petrogustavo que si \va a incendiar √©ste pa√≠s?‚Ä¶""";,-1
RT @carloshugomonc1: @nicolasAmon @petrogustavo Qu√©  cobarde  matoneo de todas las aristas en contra  de PETRO¬° A√∫n as√≠ es imparable¬°;, 1
RT @BluRadioCo: #AlAire ‚ÄúNo vamos a quitar la propiedad privada no vamos a expropiar a nadie nunca lo hice como alcalde de Bogot√°‚Äù: @petr‚Ä¶;, 1
RT @ClaudiaLopez: Qu√© tal esto. Gustavo Bol√≠var volvi√≥ ‚Äúdelito‚Äù criticar las propuestas o pronunciamientos de Petro....si eso es simplement‚Ä¶;, 1
RT @PaisPrimero: Nos vemos en la segunda vuelta @sergio_fajardo y @ClaudiaLopez @petrogustavo y @angelamrobledo @DeLaCalleHum y @ClaraLop‚Ä¶;, 1
 debe mostrar su declaraci√≥n de renta como el resto de candidatos lo hizo.;,-1
El morado y entre m√°s clarito m√°s lo detesto;,-1
"RT @EIExpedienteCol: \Cuando mi pap√° gane la presidencia le pago los $120 millones\"" Nicolas Petro cuadra sus cuentas para luego de eleccion‚Ä¶""";,-1
El pobre Nestor estaba descompuesto https://t.co/RHPmwV5tSJ;,-1
Votando en la p√°gina #4EYBogota #MTVLADUROYATRA #PremiosMTVMiaw https://t.co/fsjs69IuJ4;, 1
RT @DanielSamperO: Gracias a @DeLaCalleHum @sergio_fajardo y @petrogustavo por asistir ayer a #YoutubersVsCandidatos: ejemplar su compromi‚Ä¶;, 1
 @ELIZABETHLIZA16 @Alberto_gabeto @petrogustavo @PizarroMariaJo @angelamrobledo @progresistascol Ya somos dos en un mismo pensar.;, 1
 @petrogustavo @angelamrobledo @charry_manager @gerapo2006 @PizarroMariaJo @GiordanoBrunoFi‚Ä¶ https://t.co/flFMUCvZTb;,-1
RT @johncol86: @petrogustavo @HOLLMANMORRIS desde Milan Italia #Petropresidente #ColombiaHumana https://t.co/ljf4Nmh099;, 1
"RT @tikopineda: ULTIMA HORA

Cierran cuenta de Twitter de alias ‚ÄúPopeye‚Äù por amenazas contra el candidato presidencial @petrogustavo . 

AT‚Ä¶";, 1
 @VLADDO @petrogustavo üòÜüòÜüòÜüòÜüòÜüò üò üò üò üò üò en cuerpo ajeno bobita sino;,-1
 Que suerte tienen de disfrutar de las maravillas infinitas del placer;, 1
 @RevistaSemana @petrogustavo No se desgaste es mucho pedirle a ese tipoÖ;, 1
RT @SoloDimeTavo: Vamos por una @ColombiaHumana_ por esa raz√≥n mi voto es por @petrogustavo  por nuestra ViceHermosa @angelamrobledo . #Pe‚Ä¶;, 1
 @petrogustavo Est√° visto q los honra y su intenci√≥n es revivirlo no en vano izaron una bandera de e‚Ä¶ https://t.co/JVa4BF5795;,-1
Aunque le duela a la voluble @ClaudiaLopez dices la verdad. https://t.co/C4uDlMIpVT;, 1
 @CesarPachonAgro @GustavoBolivar @AidaAvellaE @EdgMauGarcia @MMMaldonadoC @angelamrobledo‚Ä¶ https://t.co/XNvjoQwvRq;, 1
 @BluRadioCo @petrogustavo Ciza√±a que irrespetuoso los panelistas de Blu no son mamertos son personas estu‚Ä¶ https://t.co/nW5sBMtxeW;, 1
 Por algunos lados est√°n relajados jajaja https://t.co/SPoKNuCoUJ;,-1
RT @JuanSLopezM: ‚ÄúTengo entendido que @petrogustavo no ha presentado su declaraci√≥n de renta. Todos debemos presentar la declaraci√≥n de ren‚Ä¶;,-1
Este partido vale mierdas a menos que nos hagan 1 gol.;,-1
"https://t.co/Z2QjQ6H16c
La nueva emisora Duquista.";, 1
RT @PompasticMr: Denuncia electoral @moecolombia @Registraduria @FiscaliaCol @CancilleriaCol en consulado de Chile no permiten ser testigos‚Ä¶;, 1
RT @gerapo2006: Les presento al profesor @charry_manager quien hizo parte del equipo t√©cnico encargado de dise√±ar las propuestas agrarias d‚Ä¶;, 1
RT @gerapo2006: Les presento al profesor @charry_manager quien hizo parte del equipo t√©cnico encargado de dise√±ar las propuestas agrarias d‚Ä¶;,-1
 @wilberpreciado @petrogustavo @German_Vargas Por GUSTAVO PETRO.;, 1
"RT @VLADDO: Es ingenuo ‚Äîabsurdo incluso‚Äî pensar que el ant√≠doto contra @AlvaroUribeVel es @petrogustavo; y viceversa.
Esa no puede ser la‚Ä¶";,-1
Tareas ü§® #Gordi (@ Comercial Papelera in Bogot√° Distrito Capital) https://t.co/iKIomnMM0c;, 1
RT @cmbustamante: El sr @petrogustavo escupi√≥ para arriba y le cay√≥ en la cara. Tanto que ha difamado de los hijos de Uribe y nunca nadie‚Ä¶;,-1
Que dice Cesar Gaviria d liberales canadienses con @petrogustavo.? por que a @DeLaCalleHum no le di√≥ permisito para‚Ä¶ https://t.co/E14SmxLW2v;,-1
 @BluRadioCo @petrogustavo Los √∫ltimos a√±os se realiz√≥ una actualizaci√≥n catastral impuesta por el gobier‚Ä¶ https://t.co/yaECcvFCZX;, 1
RT @carlosfgalan: Se quejan porque @German_Vargas no muestra sus emociones pero callan cuando @petrogustavo no muestra su declaraci√≥n de re‚Ä¶;,-1
" @petrogustavo Claro y esto ustedes dir√°n \ ES UN MONTAJE\"" https://t.co/ePsYBwmzo0""";, 1
 Estas deprimida?;,-1
"RT @CaracolRadio: Esto han gastado las campa√±as presidenciales

@IvanDuque $14348714151
@German_Vargas $9882268484
@DeLaCalleHum $96‚Ä¶";,-1
RT @cefeal1966: @CRSA78 @BluRadioCo @petrogustavo Ciza√±a que irrespetuoso los panelistas de Blu no son mamertos son personas estudiosas q‚Ä¶;, 1
 :( SOMOS 2 AMOR;, 1
"Ella &amp; Yo üéµ";,-1
RT @angelamrobledo: Periodistas de @BluRadioCo a tomar goticas de https://t.co/yMOR9KD9RO lograron arrinconar a @petrogustavo entre el cu√±a‚Ä¶;, 1
Muy buena la apuesta de @teatromayor para democratizar el acceso a la cultura con el #TeatroDigital. Lo llaman‚Ä¶ https://t.co/cV0hBx3gT5;, 1
"RT @CarrillonavasG: #DebateEnAntioquia #MananasBLU \Prefiero un l√≠der con convicciones profundas a un populista con fanatismos\"" @IvanDuque‚Ä¶""";, 1
RT @manuelzan: @CHC31 @petrogustavo @IvanDuque @MariaConchita_A @AlvaroUribeVel @alcaldeledezma @TemplarioResisT @Almagro_OEA2015 @PanAmPos‚Ä¶;,-1
El Centro Democr√°tico tiene claro que la costumbre es Fuente del Derecho. Est√°n acostumbrados a que el asesinato de‚Ä¶ https://t.co/9Mq46UWsAI;, 1
 @ed78_75 @JGranadosPena @Popeye_leyenda @AlvaroUribeVel @petrogustavo @IvanCepedaCast @FiscaliaCol‚Ä¶ https://t.co/J1r5D3iVvP;, 1
RT @MovimientoMAIS: Estamos desde la sabiduria ancestral y por nuestras semillas de paz con @petrogustavo porque #PetroEsMais @marthaperalt‚Ä¶;, 1
RT @JuanRealDC: No pues Petro sali√≥ m√°s torturado que Jos√© Raquel Mercado el sindicalista al que el M-19 secuestr√≥ tortur√≥ mat√≥ y arroj‚Ä¶;,-1
RT @mafa0512: @Richard50UN @goez_jaquelina @EIExpedienteCol @PaolaHolguin @petrogustavo Busque en la pagina de la rama judicial el proceso‚Ä¶;,-1
RT @angelamrobledo: A los maestros y maestras les cumpliremos en la Colombia Humana vamos a dignificar su labor. Hoy @petrogustavo se reun‚Ä¶;, 1
RT @RevistaSemana: #ColombiaDecide | @petrogustavo llena plazas p√∫blicas y seduce a muchos j√≥venes con un discurso contra la pol√≠tica tradi‚Ä¶;, 1
RT @kilm24: @rvargas1076 @EIExpedienteCol @petrogustavo La Dian esperando a Petrosky ü§£üòü§£üòü§£üòü§£üòü§£ https://t.co/ohIjK4Nmvx;, 1
RT @CanalCapital: Esta noche en #OpinaBogot√° entrevista a fondo con @angelamrobledo f√≥rmula vicepresidencial de @petrogustavo. No se lo pi‚Ä¶;, 1
RT @CesarPachonAgro: Nunca imagin√© como Campesino que pudiera estar compartiendo un sue√±o de pa√≠s al lado de un gran hombre y un gran equip‚Ä¶;, 1
RT @lasillavacia: . @petrogustavo es el √∫nico candidato presidencial que no ha revelado su declaraci√≥n de renta m√°s reciente. Eso deja vari‚Ä¶;, 1
"RT @andresportillo_: \Cuando mi pap√° gane la presidencia le pago los $120 millones\"": @nicolaspetroB";,-1
"El hijo del candidato @petrogustavo ac‚Ä¶""";, 1
 @LuisCar80177716 @Xx41032218 @mluciaramirez @BluRadioCo @petrogustavo Eso le digo de argumentos de peso no mediocridadesÖ;, 1
"El sol de nuestra campa√±a √Ångela Mar√≠a Robledo a las 8:30pm en @CanalCapital.
#√ÅngelaMar√≠aEnCapital https://t.co/zWmNmCZWWM";, 1
RT @_El_Patriota: Los JURADOS en las mesas de votaci√≥n respaldan a @petrogustavo  para las elecciones: https://t.co/kYIkJuLNun;, 1
RT @ManosLimpiasCo: ATENCION: Alejandra Barrios directora de @moecolombia confirma que lo que dice @petrogustavo. La @Registraduria debe p‚Ä¶;, 1
 @German_Vargas @petrogustavo al mejor estilo de la alcaldia de Bogota;, 1
 @unisalle @petrogustavo @IvanDuque @sergio_fajardo @DeLaCalleHum @German_Vargas Expertos decentes comunis‚Ä¶ https://t.co/2dPj8Nf0j7;, 1
 @petrogustavo Eres inmenso gustavo !! Jajajaja;, 1
RT @smilelalis: A mi me demuestran con pruebas que @petrogustavo es un corrupto y ese mismo d√≠a lo dejo de apoyar pero salir con bobadas c‚Ä¶;,-1
RT @MargaritaRepo: Una prueba m√°s de que muchos quieren llegar a la presidencia a robar. Como lo hacen todos los l√≠deres del Socialismo del‚Ä¶;,-1
 @petrogustavo Se puede deber injustamente no? üò≤üòì;, 1
RT @rudolph_s_a: Los que vamos a votar por @petrogustavo no somos de extrema izquierda. Somos de extrema indignaci√≥n por estos 200 a√±os de‚Ä¶;, 1
RT @Noimporta28: A ver queridos el petroleo no se puede sembrar el petroleo se acaba. Por eso a lo que le debemos apostar es a la agricul‚Ä¶;, 1
"RT @angelamrobledo: Seg√∫n el Observatorio Rural tenemos la mejor propuesta rural y agraria para el pa√≠s. 

La Colombia rural sabe que pued‚Ä¶";, 1
RT @MovimientoMAIS: Estamos desde la sabiduria ancestral y por nuestras semillas de paz con @petrogustavo porque #PetroEsMais @marthaperalt‚Ä¶;, 1
No puedo ver el final de temporada de scandal sin mi t√≠a es por aquello de tener lealtad y de que no podr√© fangirlear con alguien.;, 1
RT @cmbustamante: El sr @petrogustavo escupi√≥ para arriba y le cay√≥ en la cara. Tanto que ha difamado de los hijos de Uribe y nunca nadie‚Ä¶;,-1
RT @Robinso35016836: #PetroEnBLU Gracias periodistas de Blu ustedes contribuyen con sus sesgos y odios a darle la raz√≥n a los millones de‚Ä¶;, 1
RT @pedrogarciao: Me entero leyendo prensa que @petrogustavo mismo que vio los anaqueles de los supermercados llenos en Caracas y quiere s‚Ä¶;,-1
RT @felipegarzon_19: Est√°n m√°s preocupados y asustados porque @petrogustavo llama a llenar las plazas y esperar los resultados de las vota‚Ä¶;, 1
RT @angelamrobledo: Agradezco invitacion en Asamblea de @Fecode y @CarlosRivas su presidente para saludar y presentar propuesta educativa d‚Ä¶;, 1
RT @lasillavacia: . @petrogustavo es el √∫nico candidato presidencial que no ha revelado su declaraci√≥n de renta m√°s reciente. Eso deja vari‚Ä¶;,-1
RT @pedrogarciao: Me entero leyendo prensa que @petrogustavo mismo que vio los anaqueles de los supermercados llenos en Caracas y quiere s‚Ä¶;,-1
RT @A_OrdonezM: Petro es Maduro. No se dejen enga√±ar. Si no estuviera a pocos d√≠as de elecciones el comandante Aureliano estar√≠a festejand‚Ä¶;, 1
RT @Colombianisima3: Si me preguntan quien es mas CRIMINALES entre @Popeye_leyenda o los terroristas @FARC_EPuebIo @IvanCepeda @petrogustav‚Ä¶;,-1
RT @RevistaSemana: #ColombiaDecide | @petrogustavo llena plazas p√∫blicas y seduce a muchos j√≥venes con un discurso contra la pol√≠tica tradi‚Ä¶;, 1
 ¬øQu√© ocultar√°... @petrogustavo? seguidores sin argumentos sobre el tema. https://t.co/XAyLwj3TXi;,-1
RT @MOinternationa: #Petro implacable a la hora de atacar a @AlvaroUribeVel y a  sus hijos pero ir√≥nicamente √©l NO ense√±a su Declaraci√≥n‚Ä¶;, 1
"RT @Sergio_1193: Me lav√© pero firme votando por @petrogustavo desde Alemania.
#PetroPresidente https://t.co/U10qlltoiP";, 1
"RT @CaracolRadio: #EleccionesColombia | @petrogustavo es el √∫nico candidato que no ha hecho p√∫blica su declaraci√≥n de renta

---&gt; https://t‚Ä¶";,-1
RT @graffitiborrao: Alejandra Barrios directora de la MOE-Misi√≥n de Observaci√≥n Electoral le da la raz√≥n a @petrogustavo no se hizo audi‚Ä¶;,-1
 @elsemblante @pensando_inc @JulioHRpo @petrogustavo Tontos nos tomo Uribe y los que puso por 16 a√±o‚Ä¶ https://t.co/XMZINTPQ2Z;,-1
RT @kilm24: @rvargas1076 @EIExpedienteCol @petrogustavo Noticia en burro ese apartamento est√° m√°s declarado y esculcado  que la declaraci√≥n‚Ä¶;, 1
RT @BluRadioCo: #AlAire ‚ÄúNo vamos a quitar la propiedad privada no vamos a expropiar a nadie nunca lo hice como alcalde de Bogot√°‚Äù: @petr‚Ä¶;, 1
RT @AdamSmithFree: Por respeto a las v√≠ctimas del M-19 es INACEPTABLE que @petrogustavo traiga el discurso de Bateman y del grupo M-19 an‚Ä¶;,-1
RT @Jessica_Harman1: #PetroEnBLU esperaron a que @petrogustavo que saliera para compararlo y hablar mal de el yo creo en el periodismo impa‚Ä¶;, 1
Pongamole ambiente a esta Noche Tan Fria üò£üèôÔ;, 1
RT @ClaudiaLopez: Respira querido. Los 43 millones de ciudadanos que firmamos la #ConsultaAnticorrupcion  buscamos transparencia de los qu‚Ä¶;, 1
"RT @luismorales0621: Hoy en @BluRadioCo @petrogustavo afirm√≥ que entreg√≥ los hospitales distritales con \super√°vit\"". No es posible hablar d‚Ä¶""";, 1
"RT @GustavoRugeles: \Cuando gane la presidencia le pago los $120 millones\"". @nicolaspetroB cuadra sus cuentas para luego de elecciones.";,-1
"E‚Ä¶""";, 1
RT @HOLLMANMORRIS: Cuando @petrogustavo entreg√≥ viviendas en Bogot√°. Ahora lo har√° en todo Colombia. https://t.co/Q9MYx5mEo9;, 1
RT @VLADDO: Que @petrogustavo no divulgue su declaraci√≥n de renta no s√≥lo es una decisi√≥n torpe y arrogante sino que no es coherente con s‚Ä¶;,-1
 @parece que en el grupo de los s√∫bditos de Uribe no hay una persona con voluntad propia. Primero fue Ari‚Ä¶ https://t.co/lYMunfOdD6;, 1
RT @MoliNueve: Esto me acaba de dar un miedo terrible.. https://t.co/YLj84H00WA;,-1
RT @HOLLMANMORRIS: Cuando @petrogustavo entreg√≥ viviendas en Bogot√°. Ahora lo har√° en todo Colombia. https://t.co/Q9MYx5mEo9;, 1
RT @AlejoCons: Acabo de escuchar est√° entrevista jajajaja la peinada de @petrogustavo a @NestorMoralesC es incre√≠ble. El cu√±ado insist√≠a en‚Ä¶;, 1
Hola @petrogustavo. Algunos de tus electores del domingo queremos que muestres tu declaraci√≥n de renta. ¬°No te vamos a expropiar el voto!;, 1
RT @DanielRMed: ¬øQu√© sentir√°n los del MIRA al darse cuenta que es @petrogustavo y no Duque quien reclama que la Registradur√≠a cumpla el fal‚Ä¶;, 1
RT @EdgMauGarcia: Somos j√≥venes comprometidos con un ideal de cambio y progreso para Colombia que vemos en @petrogustavo la √∫nica opci√≥n d‚Ä¶;, 1
RT @fzciudadana: Desde Aracataca Magdalena corremos la voz a todo el Caribe Colombiano para salir este 27 de Mayo a votar por @petrogusta‚Ä¶;, 1
RT @ClaudiaLopez: De acuerdo! Es inaceptable que Popeye amenace a los petristas o a cualquiera. Si a @IvanDuque le queda grande descalifica‚Ä¶;, 1
RT @VLADDO: Que @petrogustavo no divulgue su declaraci√≥n de renta no s√≥lo es una decisi√≥n torpe y arrogante sino que no es coherente con s‚Ä¶;, 1
RT @Davidzoot2: #yoapoyoapetroX por es el presidente de los pobres: la clase trabajadora muestra su apoyo a @petrogustavo y @angelamrobledo‚Ä¶;, 1
RT @ClaudiaLopez: Qu√© tal esto. Gustavo Bol√≠var volvi√≥ ‚Äúdelito‚Äù criticar las propuestas o pronunciamientos de Petro....si eso es simplement‚Ä¶;, 1
Es como localista el arbitrico no??;,-1
"RT @GustavoRugeIes: #Daro Casi linchan a @petrogustavo a su llegada a Cartagena; esto es lo qu√© pasa siempre pero √©l dice que es apoyo popu‚Ä¶";,-1
RT @graffitiborrao: Alejandra Barrios directora de la MOE-Misi√≥n de Observaci√≥n Electoral le da la raz√≥n a @petrogustavo no se hizo audi‚Ä¶;, 1
RT @juliantrianana: De las cosas buenas que dej√≥ #YoutubersVsCandidatos fue la respuesta clara de @petrogustavo a quienes preguntan de d√≥nd‚Ä¶;, 1
"RT @don_cacl: \Cuando mi pap√° gane la presidencia le pago los $120 millones\""";,-1
"RT @OscarG_Sanchez: Esto hay que leerlo. Semana reconoce los 48 colegios de @petrogustavo: 18 constru√≠dos 7 comprados y 23 en obra.

Gusta‚Ä¶";, 1
RT @VLADDO: Que @petrogustavo no divulgue su declaraci√≥n de renta no s√≥lo es una decisi√≥n torpe y arrogante sino que no es coherente con s‚Ä¶;,-1
RT @AdamSmithFree: @kapecho89 @BluRadioCo @mpatino89 @petrogustavo S√≠ claro! https://t.co/tPoupkXAL8;, 1
RT @angelamrobledo: Pregunta el Padre Linaros en el clima del Amor que siempre convoca sobre la reconciliacion en Colombia a @petrogustavo‚Ä¶;, 1
RT @smilelalis: A mi me demuestran con pruebas que @petrogustavo es un corrupto y ese mismo d√≠a lo dejo de apoyar pero salir con bobadas c‚Ä¶;, 1
....siiiiiiiiiiiiiii c√≥mo noooooooooo.... https://t.co/LqW01FEKS7;, 1
Lo que m√°s amo de una mujer es que sea decidida y arriesgada üòåüíö;, 1
 @petrogustavo Sin palabras. Eso quiere decir que no ha tenido un buen referente un padre ejemplar‚Ä¶ https://t.co/xYD3uvdzQw;,-1
RT @Garcia20Miguel: Verg√ºenza de Algunos SEUDO PERIODISTAS @BluRadioCo @lafm @WRadioColombia @NoticiasCaracol @CMILANOTICIA @NoticiasUno @r‚Ä;, 1
"RT @VLADDO: Es ingenuo ‚Äîabsurdo incluso‚Äî pensar que el ant√≠doto contra @AlvaroUribeVel es @petrogustavo; y viceversa.
Esa no puede ser la‚Ä¶";,-1
RT @joaquinroblesza: Quedaron al descubierto las canallas que se avecinan en las elecciones del pr√≥ximo domingo denunciadas por  @petrogust‚Ä¶;, 1
"RT @Eleccionescolom: En un escenario de segunda vuelta por qui√©n votar√≠a?

üîÅ @sergio_fajardo 
‚ù§ @petrogustavo https://t.co/9ZDZmgusFb";, 1
 @FrankBedoya13 @IvanDuque @Bogotahumana2 @petrogustavo @GustavoBolivar @gener_usuga @nicolaspetroB‚Ä¶ https://t.co/PFR8h7owAz;,-1
RT @Yolycol: @AdamSmithFree @petrogustavo Est√° visto q los honra y su intenci√≥n es revivirlo no en vano izaron una bandera de ese grupo te‚Ä¶;,-1
"RT @EIExpedienteCol: \Cuando mi pap√° gane la presidencia le pago los $120 millones\"" Nicolas Petro cuadra sus cuentas para luego de eleccion‚Ä¶""";,-1
"RT @Eleccionescolom: En un escenario de segunda vuelta por qui√©n votar√≠a?

üîÅ @sergio_fajardo 
‚ù§ @petrogustavo https://t.co/9ZDZmgusFb";, 1
" @petrogustavo Alguien que se hace llamar Gatus Petrus \Gatrosky\"" me llama tinto JAJAJAJAJAAJAJAJAJAJAJAJ‚Ä¶ https://t.co/FyOIdElvAL""";,-1
"RT @Eleccionescolom: En un escenario de segunda vuelta por qui√©n votar√≠a?

üîÅ @petrogustavo 
‚ù§ @German_Vargas https://t.co/LOfplaEexZ";,-1
RT @elespectador: La prohibici√≥n al porte de armas de fuego que llev√≥ a la reducci√≥n de la tasa de homicidios en Bogot√° es uno de los log‚Ä¶;,-1
RT @pedrogarciao: Me entero leyendo prensa que @petrogustavo mismo que vio los anaqueles de los supermercados llenos en Caracas y quiere s‚Ä¶;,-1
RT @lasillavacia: . @petrogustavo es el √∫nico candidato presidencial que no ha revelado su declaraci√≥n de renta m√°s reciente. Eso deja vari‚Ä¶;,-1
 @petrogustavo @ColombiaHumana_ @progresistascol Que tristeza ojal√° el d√≠a q est√©n buscando comida e‚Ä¶ https://t.co/mU5cFApNUj;,-1
RT @elespectador: La prohibici√≥n al porte de armas de fuego que llev√≥ a la reducci√≥n de la tasa de homicidios en Bogot√° es uno de los log‚Ä¶;, 1
Entonces pusieron a tapar a Armani en River ser√≠a una l√°stima queÖ;, 1
Tambi√©n la he visto con Fajardo DelaCalle Vargas‚Ä¶ https://t.co/SVzVsHLGQV;, 1
RT @gerapo2006: Seg√∫n el observatorio rural de la Universidad la Salle la propuesta de @petrogustavo es la mejor calificada. √âsto no s√≥lo i‚Ä¶;, 1
RT @Antequerajose: Por √©tica y derecho tenemos que rechazar esa pr√°ctica en @BluRadioCo de poner palabras en las bocas de @petrogustavo y‚Ä¶;, 1
 @LuisCar80177716 @Xx41032218 @mluciaramirez @BluRadioCo @petrogustavo Fechas y lugares con nombre pro‚Ä¶ https://t.co/T2Oiv9SmDG;, 1
RT @Harly77298317: @petrogustavo @GustavoBolivar @HOLLMANMORRIS  desde italia creemos en la Colombia Humana Petro Presidente! https://t.co‚Ä¶;, 1
 @Colombia_Vital @petrogustavo @periodista19 @DavidRacero @jerojasrodrigue @GloriaFlorezSI @UP_Colombia‚Ä¶ https://t.co/CTig8qmLmf;, 1
RT @Jeskaze: A alias Nayibe le va a dejar de parecer importante que @petrogustavo publique su declaraci√≥n de renta una vez que se consolide‚Ä¶;, 1
RT @Colombianisima3: @rvargas1076 @EIExpedienteCol @petrogustavo Est√°n desesperados los √±eros petristas. Cuando se es honorable se puede de‚Ä¶;, -1
 @petrogustavo jajajajaj üòüòüòüò que desilusion te vas a llevar;,-1
 @petrogustavo Jjjjjjaaaaaaaaa farczante como ya quedo elegido pues le conviene sigue financiandole la campa√±a;,-1
La altura de la c√°mara de hoy era vs River @CSEmelec;, 1
RT @blancaduranh: La imagen perfecta de las diferencias entre las campa√±as de @IvanDuque y @petrogustavo https://t.co/PJ0vf50FTP;, 1
RT @pierrealee: Gran apoyo recibe @petrogustavo de sectores del @PartidoLiberal. ideas de Rafael Uribe Uribe Jorge Eliecer Gait√°n y Luis C‚Ä¶;, 1
"RT @evapalie: #YoutubersVsCandidato
El asunto con @petrogustavo @sergio_fajardo &amp; @DeLaCalleHum es que debieron unir las campa√±as y as√≠ le‚Ä¶";, 1
RT @BluRadioCo: #AlAire ‚ÄúNo vamos a quitar la propiedad privada no vamos a expropiar a nadie nunca lo hice como alcalde de Bogot√°‚Äù: @petr‚Ä¶;, 1
RT @pedrogarciao: Me entero leyendo prensa que @petrogustavo mismo que vio los anaqueles de los supermercados llenos en Caracas y quiere s‚Ä¶;,-1
RT @GusabioPiedro: No amabamos la gente. Am√°bamos su voto. https://t.co/d7FM35Et8A;, 1
Broo pa q me das unfollow jajajajaja;, 1
RT @pedrogarciao: Me entero leyendo prensa que @petrogustavo mismo que vio los anaqueles de los supermercados llenos en Caracas y quiere s‚Ä¶;,-1
RT @PetroskyMyLord: El d√≠a que me volv√≠ petrista ya hace casi cuatro a√±os el d√≠a que vi la sonrisa de mi hija empu√±ando un viol√≠n gracia‚Ä¶;, 1
RT @cmbustamante: El sr @petrogustavo escupi√≥ para arriba y le cay√≥ en la cara. Tanto que ha difamado de los hijos de Uribe y nunca nadie‚Ä¶;,-1
RT @lasillavacia: . @petrogustavo es el √∫nico candidato presidencial que no ha revelado su declaraci√≥n de renta m√°s reciente. Eso deja vari‚Ä¶;,-1
 Excelente!;, 1
RT @graffitiborrao: Alejandra Barrios directora de la MOE-Misi√≥n de Observaci√≥n Electoral le da la raz√≥n a @petrogustavo no se hizo audi‚Ä¶;, 1
RT @RevistaSemana: #Confidenciales | @ClaudiaLopez le pide a @petrogustavo su declaraci√≥n de renta https://t.co/tJNS0rpJWF https://t.co/CQQ‚Ä¶;, 1
RT @lasillacaribe: #Elecciones2018 Mientras @petrogustavo propone cambiar el modelo energ√©tico los otros proponen de diferentes maneras ‚Ä¶;, 1
RT @JuanRealDC: No pues Petro sali√≥ m√°s torturado que Jos√© Raquel Mercado el sindicalista al que el M-19 secuestr√≥ tortur√≥ mat√≥ y arroj‚Ä¶;,-1
RT @jerojasrodrigue: ‚ÄúHoy el Acuerdo sobre lo Fundamental es Colombia Humana los conservadores aceptamos el llamado de @petrogustavo a la‚Ä¶;, 1
 @Kronnomc Espero que les haya ido muy bien espero verlo pronto los amoooüòòüíúüíúüëëüëë;, 1
"RT @Davidzoot2: @A_OrdonezM @andres791126 Yo me la juego con el equipo de @petrogustavo #SoloPetroLeGanaADuque
Jam√°s votar√© a la corrupci√≥‚Ä¶";, 1
Aveces votar se vuelve adicci√≥n üò #MTVLAVIDEONOHAY #PremiosMTVMiaw https://t.co/Yw7ClsXkyN;, 1
"RT @Eleccionescolom: En un escenario de segunda vuelta por qui√©n votar√≠a?

üîÅ @sergio_fajardo 
‚ù§ @petrogustavo https://t.co/9ZDZmgusFb";, 1
 @petrogustavo La amo tanto que la multiplic√≥ por 10;, 1
RT @carlosfgalan: ¬øPor qu√© @petrogustavo no ha publicado su declaraci√≥n de renta? Es un acto de transparencia que los dem√°s candidatos ya h‚Ä¶;, 1
 @AlvaroUribeVel @petrogustavo Yo le voy a pedir a duque que investige pos vienes y el financiamiento de‚Ä¶ https://t.co/O59IQbZz5g;, 1
RT @ClaudiaLopez: Los amaba tanto que dispar√≥ la pobreza y miseria en Venezuela https://t.co/qM7cABnFDn;,-1
RT @charry_manager: Orgulloso puedo decir q parte de mi trabajo junto a otros expertos est√° contenido en este punto del programa de #PetroP‚Ä¶;, 1
"No voy a recibir esos 50mil 
No voy a recibir esos 50mil 
No voy a recibir esos 50mil 
@petrogustavo‚Ä¶ https://t.co/vkCqAyUejV";,-1
RT @VLADDO: Que @petrogustavo no divulgue su declaraci√≥n de renta no s√≥lo es una decisi√≥n torpe y arrogante sino que no es coherente con s‚Ä¶;, 1
RT @saludhernandezm: Pregunta a @petrogustavo : Si voy a la plaza el domingo a las 4.30 cargo piedras? Llevo pancartas de ‚ÄúNos robaron‚Äù? Q‚Ä¶;,-1
 Jajajajaja bebiendo üçª y tan temprano como haces eso?;,-1
"Esta ma√±ana escuch√© la entrevista q le hizo arizmendi al candidato @sergio_fajardo y se les \OLVID√ì\"" preguntarle‚Ä¶ https://t.co/DdeejJcaLM""";,-1
RT @ClaudiaLopez: De acuerdo! Es inaceptable que Popeye amenace a los petristas o a cualquiera. Si a @IvanDuque le queda grande descalifica‚Ä¶;,-1
RT @AUGUSTOOCAMPO: Y la sani√≥n disciplinaria que procede ??? ahhh no verdad que no es @petrogustavo   https://t.co/DDMPT7YulY v√≠a @elespect‚Ä¶;,-1
RT @crispin_fajardo: Ejerci mi derecho por un pais mejor #YoVotoPetro desde los Estados Unidos @petrogustavo. No mas @IvanDuque no mas urib‚Ä¶;, 1
RT @jerojasrodrigue: ‚ÄúHoy el Acuerdo sobre lo Fundamental es Colombia Humana los conservadores aceptamos el llamado de @petrogustavo a la‚Ä¶;, 1
RT @frajama5713: Los estudiantes de la @UnivalleCol ya est√°n cumpliendo las √≥rdenes de su mentor @petrogustavo atacando al pueblo como terr‚Ä¶;, 1
 @petrogustavo Umm ya pero no supo ni que decir cuando le preguntaron sobre su declaraci√≥n de renta.;,-1
RT @Sachaka7: @AlirioUribeMuoz @Registraduria @jortegon @dianamotavo @petrogustavo @angelamrobledo @jairoriverah @Movicecol @pierrealee @Pr‚Ä¶;, 1
RT @graffitiborrao: Alejandra Barrios directora de la MOE-Misi√≥n de Observaci√≥n Electoral le da la raz√≥n a @petrogustavo no se hizo audi‚Ä¶;, 1
RT @PompasticMr: ¬øQue pasa @CancilleriaCol con esta situaci√≥n?  ¬øEs una trampa de la @Registraduria? Ayuda por favor @moecolombia y @Fiscal‚Ä¶;, 1
 @CamiloGuzmanSa @petrogustavo Jajajaja...muy buena..üá®üá¥üá®üá¥;, 1
"RT @GustavoRugeles: \Cuando gane la presidencia le pago los $120 millones\"". @nicolaspetroB cuadra sus cuentas para luego de elecciones.";, 1
"E‚Ä¶""";,-1
"RT @JavierAdaime: Descripci√≥n gr√°fica de la entrevista del cu√±ado de @IvanDuque ; @NestorMoralesC a @petrogustavo .
Peinada total!!
¬°¬°Sigui‚Ä¶";, 1
Nada que hacer @NestorMoralesC era considerado buen periodista por la opini√≥n p√∫blica pero se tir√≥ la credibilidad‚Ä¶ https://t.co/YX6vimkJsh;,-1
 @RevistaSemana @JuanarioMedina @petrogustavo Pues que tambi√©n lo denuncie o es que porque lo hace √©l le‚Ä¶ https://t.co/cVN8kl08ND;,-1
"#eldebate es ahora una tendencia en #Bogot√£

https://t.co/jeEs61DpFs https://t.co/r2PMiEORnz";, 1
 Estos son las encuestas dela Colombia humana Petro presidente en 1  BUELTA;, 1
RT @MovimientoMAIS: Estamos desde la sabiduria ancestral y por nuestras semillas de paz con @petrogustavo porque #PetroEsMais @marthaperalt‚Ä¶;, 1
"RT @VLADDO: Es ingenuo ‚Äîabsurdo incluso‚Äî pensar que el ant√≠doto contra @AlvaroUribeVel es @petrogustavo; y viceversa.
Esa no puede ser la‚Ä¶";, 1
 hoy actu√≥ con @petrogustavo  como las vecinas que se reunen con otra a la que no quieren le preguntan‚Ä¶ https://t.co/YLkB39wgii;, 1
Que penita esta gente https://t.co/DAZ80mLDhX;, 1
RT @Teticaida: Hola @petrogustavo ya vot√© por ti. üòç Hola @angelamrobledo ya vot√© por ti tambi√©n üòç https://t.co/xgEUipGIf2;, 1
 @zoranstojanovs2 @chontrixxx @ColombiaHumana_ @petrogustavo Duque sigue las mismas ideas del gobie‚Ä¶ https://t.co/JTX8LTBalO;, 1
La canci√≥n que McCartney le toc√≥ a Lennon y a Harrison en un bus de Liverpool para demostrarles de que estaba hecho‚Ä¶ https://t.co/uwg2UV2gtQ;, 1
RT @IohannGO: Desde Calgary Canad√° feliz de haber votado por primera vez y con amor alegria y esperanza por @petrogustavo.  Viva Colombi‚Ä¶;, 1
 @GABOZARRATE @petrogustavo Confirmada mi duda  no fue' √©l quien lo denunci√≥ y la investigaci√≥n no ha con‚Ä¶ https://t.co/ohH9pkDloL;,-1
RT @AUGUSTOOCAMPO: Y la sani√≥n disciplinaria que procede ??? ahhh no verdad que no es @petrogustavo   https://t.co/DDMPT7YulY v√≠a @elespect‚Ä¶;,-1
Juguemos a que usted le da FAV y yo la stalkeo bien rico ü§§ü§;,-1
RT @A_OrdonezM: Petro es Maduro. No se dejen enga√±ar. Si no estuviera a pocos d√≠as de elecciones el comandante Aureliano estar√≠a festejand‚Ä¶;,-1
"RT @alexdarq: #PetroEnBLU que credibilidad se le puede tener al cu√±ado de Ivan Duque @NestorMoralesC entrevistando a @petrogustavo;""
PARCIAL‚Ä¶";, 1
Claro nunca lo hemos escuchado hablar sobre su salario de senador como lo compartio con los menos necesitados? No h‚Ä¶ https://t.co/xJB6YwS640;,-1
"RT @EIExpedienteCol: \Cuando mi pap√° gane la presidencia le pago los $120 millones\"" Nicolas Petro cuadra sus cuentas para luego de eleccion‚Ä¶""";,-1
 @CamiloMarino @petrogustavo @BluRadioCo Jos√© ya ni siquiera escucho la radio. Y t√∫ sabes como amaba yo ese medio;,-1
"RT @tikopineda: ULTIMA HORA

Cierran cuenta de Twitter de alias ‚ÄúPopeye‚Äù por amenazas contra el candidato presidencial @petrogustavo . 

AT‚Ä¶";, 1
 @petrogustavo Que cosa tan hp con este periodismo mediocre. Uribe es el √∫nico que no ha mostrado el l‚Ä¶ https://t.co/MxkSBe2ZYn;, 1
"RT @EIExpedienteCol: \Cuando mi pap√° gane la presidencia le pago los $120 millones\"" Nicolas Petro cuadra sus cuentas para luego de eleccion‚Ä¶""";,-1
RT @avpcastellar: @petrogustavo Presidente! En Canad√° ya votamos! https://t.co/qlS0LMQVKc;, 1
 @reyking93 @SmithMorera @fede0410 @elciegoeduardo @JERobledo @ELTIEMPO @petrogustavo Es q el no dice q a‚Ä¶ https://t.co/Uv4oqgVmbr;, 1
RT @cmbustamante: El sr @petrogustavo escupi√≥ para arriba y le cay√≥ en la cara. Tanto que ha difamado de los hijos de Uribe y nunca nadie‚Ä¶;,-1
RT @jerojasrodrigue: ‚ÄúHoy el Acuerdo sobre lo Fundamental es Colombia Humana los conservadores aceptamos el llamado de @petrogustavo a la‚Ä¶;, 1
RT @SaraTufanoZ: .@LaPullaOficial tuvo que sacar un video sobre @petrogustavo para que quienes no est√°bamos interesados en verla la vi√©ram‚Ä¶;, 1
RT @LuchyB: Petristas su √≠dolo llegar√° al poder a gastarse nuestra plata para demostrar que @nicolaspetroB es emprendendor. Yo si dec√≠a qu‚Ä¶;,-1
"RT @Eleccionescolom: En un escenario de segunda vuelta por qui√©n votar√≠a?

üîÅ @petrogustavo 
‚ù§ @German_Vargas https://t.co/LOfplaEexZ";, 1
RT @jbagbam74: Qu√© opinan los intelectuales que apoyan a @sergio_fajardo de su reuni√≥n con @petrogustavo ?;, 1
"RT @VLADDO: Es ingenuo ‚Äîabsurdo incluso‚Äî pensar que el ant√≠doto contra @AlvaroUribeVel es @petrogustavo; y viceversa.
Esa no puede ser la‚Ä¶";,-1
Y los empresarios est√°n influenciando el voto en contra de @petrogustavo . Eso si no lo denuncia el padre del cosco‚Ä¶ https://t.co/QfLRisUY19;,-1
RT @DanielRMed: Lo de anoche en Bogot√° indica que s√≥lamente con un fraude pueden impedir que @petrogustavo sea presidente nunca en mi vid‚Ä¶;, 1
A mi me gustar√≠a que alguien si es posible y me hacen el favor me diga ¬øen qu√© parte del texto s√© encuentra la in‚Ä¶ https://t.co/t2zjW0x1bO;, 1
"RT @JavierAdaime: Descripci√≥n gr√°fica de la entrevista del cu√±ado de @IvanDuque ; @NestorMoralesC a @petrogustavo .
Peinada total!!
¬°¬°Sigui‚Ä¶";, 1
RT @rudolph_s_a: Los que vamos a votar por @petrogustavo no somos de extrema izquierda. Somos de extrema indignaci√≥n por estos 200 a√±os de‚Ä¶;,-1
RT @BluRadioCo: #AlAire ‚ÄúNo vamos a quitar la propiedad privada no vamos a expropiar a nadie nunca lo hice como alcalde de Bogot√°‚Äù: @petr‚Ä¶;, 1
RT @FranciscoCasan2: Bello escuchar a @petrogustavo defenderse de 4 lobos malintencionado. Sabe que se va a meter en la boca del lobo y a√∫n‚Ä¶;, 1
RT @LawmperezMario: @IrreverentesCol Se sabe que detr√°s de @sergio_fajardo est√° @PoloDemocratico y de esos ya hay muchos que se le est√°n to‚Ä¶;, 1
RT @RafaGuarin: Petro apoy√≥ la dictadura venezolana impuls√≥ la revoluci√≥n bolivariana respald√≥ asesor√≥ y admir√≥ a Hugo Chavez defendi√≥‚Ä¶;,-1
 De eso s√≠ cai en cuenta ahorita üò toca que hagan el aguante (?);,-1
 @julian_kaka @petrogustavo Ya sabemos en qu√© est√° gastando el dinero de la campa√±a pagando art√≠cu‚Ä¶ https://t.co/SZAWhqhoHy;,-1
 @IvanCepedaCast @petrogustavo Y las amenazas a Uribe y Duque qu√©??? Los intocables de la izquierda pero se dedican a amenazar.;,-1
"RT @EdgMauGarcia: ¬øQue propone @petrogustavo?

#ConPetroAvanzamosPa√≠s.
#PetroPresidente. https://t.co/IvqnbFTC6R";, 1
 @JuanManSantos @USEmbassyBogota @petrogustavo q raro xq seg√∫n ellos el cne venezolano q hacen como 20 aud‚Ä¶ https://t.co/mcjkElEjJq;,-1
"RT @GustavoRugeIes: #Daro Casi linchan a @petrogustavo a su llegada a Cartagena; esto es lo qu√© pasa siempre pero √©l dice que es apoyo popu‚Ä¶";, 1
RT @LawmperezMario: @IrreverentesCol Se sabe que detr√°s de @sergio_fajardo est√° @PoloDemocratico y de esos ya hay muchos que se le est√°n to‚Ä¶;, 1
"Santoral del 23 de mayo
San Desiderio de Langres";, 1
" Jajajajajajajaja solo miras mal aveces por ejemplo al mono ese feo de resto das es risa ;v alv";,-1
Lo bueno es que deadpool no decepciono. üòç;,-1
RT @cmbustamante: El sr @petrogustavo escupi√≥ para arriba y le cay√≥ en la cara. Tanto que ha difamado de los hijos de Uribe y nunca nadie‚Ä¶;, 1
 La principal habilidad de @petrogustavo es el enga√±o. Enga√±√≥ a la policia en su juventud al ej√©rcito‚Ä¶ https://t.co/epz3zFl8tM;, 1
 @petrogustavo @PizarroMariaJo @AidaAvellaE @DanielBejarano_ @charry_manager @GiordanoBrunoFi‚Ä¶ https://t.co/G2z4vzYMiB;, 1
RT @elespectador: La prohibici√≥n al porte de armas de fuego que llev√≥ a la reducci√≥n de la tasa de homicidios en Bogot√° es uno de los log‚Ä¶;, 1
RT @angelamrobledo: Periodistas de @BluRadioCo a tomar goticas de https://t.co/yMOR9KD9RO lograron arrinconar a @petrogustavo entre el cu√±a‚Ä¶;,-1
RT @LEPUYANA: El metro que no quiere @petrogustavo y otros medios de transporte que no se pueden utilizar en Bogot√° porque la m√°quina tapa‚Ä¶;,-1
RT @Lucia_Monsalvo: Mi familia en Canad√° lo respalda hoy salieron a votar. @petrogustavo @ColombiaHumana_ @GustavoBolivar #NoAlFraudeElect‚Ä¶;,-1
"RT @guaritotapaazul: \Estamos creciendo\"" como la cola de las vacas hacia abajo @petrogustavo @fecode https://t.co/SS70dHdxk9""";,-1
RT @LawmperezMario: @IrreverentesCol Se sabe que detr√°s de @sergio_fajardo est√° @PoloDemocratico y de esos ya hay muchos que se le est√°n to‚Ä¶;,-1
¬°Te regalo $50.000 COP en costos de env√≠o si eres nuevo en Rappi! Descarga Rappi activa mi c√≥digo gaston8077 y pid‚Ä¶ https://t.co/0GbLCszv2i;, 1
 @Davsay94 @petrogustavo Hay que leer Rafaga M;,-1
RT @jerojasrodrigue: ‚ÄúHoy el Acuerdo sobre lo Fundamental es Colombia Humana los conservadores aceptamos el llamado de @petrogustavo a la‚Ä¶;, 1
 @GiordanoBrunoFi JAJAJAJAJA Yo si pienso en Colombia y @petrogustavo ser√° mi presidente  üá®üá¥‚ù§;, 1
La actriz @Lina_Tejeiro se suma a #LaFuerzaDeLaEsperanza por que sabe que #ConFajardoGanamos #SePuede ‚úèÔ∏è‚Ä¶ https://t.co/V0kkW02t8q;, 1
RT @CARLOSFMEJIA: La hipocres√≠a de @petrogustavo frente a la dictadura venezolana. #PetroElCastrochavistaColombiano  https://t.co/UGJmkI7lM‚Ä¶;,-1
RT @paoizq2001: #SoloPetroLeGanaADuque Mientras Uribe con su ley 100 convirti√≥ la salud como un negocio @petrogustavo hizo de la salud un‚Ä¶;, 1
RT @Santosterroris: √öLTIMA HORA | Gustavo Petro ‚ÄúCreo que Hugo Ch√°vez amaba a la gente pobre al igual que yo‚Äù. Los amaba tanto que los hiz‚Ä¶;, 1
 @petrogustavo @IvanDuque Medio sal√≥n de la c√°mara de comercio no se compara con llenar San Francisco‚Ä¶ https://t.co/OVqgXosIgB;, 1
 @paolaccf @Sebast4N @WRadioColombia @petrogustavo A mi no me gustan los guerrilleros.;,-1
RT @angelamrobledo: Periodistas de @BluRadioCo a tomar goticas de https://t.co/yMOR9KD9RO lograron arrinconar a @petrogustavo entre el cu√±a‚Ä¶;,-1
RT @HOLLMANMORRIS: Amenazan de muerte al cantante Diego Moran por presentarse en cierre de campa√±a de @petrogustavo. Toda mi solidaridad e‚Ä¶;,-1
RT @graffitiborrao: Alejandra Barrios directora de la MOE-Misi√≥n de Observaci√≥n Electoral le da la raz√≥n a @petrogustavo no se hizo audi‚Ä¶;,-1
RT @jerojasrodrigue: ‚ÄúHoy el Acuerdo sobre lo Fundamental es Colombia Humana los conservadores aceptamos el llamado de @petrogustavo a la‚Ä¶;, 1
Ps que rico tu en 4 jaja. ü§îüòè.;, 1
"RT @GustavoRugeIes: #Daro Casi linchan a @petrogustavo a su llegada a Cartagena; esto es lo qu√© pasa siempre pero √©l dice que es apoyo popu‚Ä¶";, 1
Al√©jate de lo que hace da√±o!;, 1
 @AlvaroUribeVel @petrogustavo Y porqu√© Petro no quiere mostrar su declaraci√≥n de renta?;,-1
Ps que rico tu en 4 jaja. ü§îüòè.;,-1
"RT @GustavoRugeIes: #Daro Casi linchan a @petrogustavo a su llegada a Cartagena; esto es lo qu√© pasa siempre pero √©l dice que es apoyo popu‚Ä¶";,-1
Al√©jate de lo que hace da√±o!;,-1
@BluRadioCo @AlvaroUribeVel @petrogustavo Y porqu√© Petro no quiere mostrar su declaraci√≥n de renta?;,-1
RT @ManosLimpiasCo: ATENCION: Alejandra Barrios  directora de @moecolombia confirma que lo que dice @petrogustavo. La @Registraduria debe p‚Ä¶;, 1
RT @elespectador: La prohibici√≥n al porte de armas de fuego que llev√≥ a la reducci√≥n de la tasa de homicidios en Bogot√° es uno de los log‚Ä¶;,-1
RT @LuisaEvapolopol: Este sr @petrogustavo  es implacable a la hora de se√±alar a los hijos de @AlvaroUribeVel  me gustar√≠a saber su opini√≥‚Ä¶;, 1
@Arrocito_enbajo Jajajajaja üôàüôâüôä;, 1
RT @RevistaSemana: #ColombiaDecide | @petrogustavo llena plazas p√∫blicas y seduce a muchos j√≥venes con un discurso contra la pol√≠tica tradi‚Ä¶;, 1
@BluRadioCo @osoto74soto @petrogustavo Y la familia de Ch√°vez termino multimillonaria y Petro no quiere mostrar su‚Ä¶ https://t.co/etZr7MSi4k;,-1
"RT @The__Bosch: \Petro no es chavista\""... dec√≠an";, 1
"#PetroEnBlu https://t.co/WPY3lhnqo0""";, 1
Eso m√°s gasolina para q populista barato @petrogustavo siga incendiando este Pa√≠s. Va a perder elecciones eso es cl‚Ä¶ https://t.co/kiIY6fTleC;, 1
 Hoy el mundo nos mira @nicolaspetroB  estamos a punto de cambiar la historia estamos a punto de que‚Ä¶ https://t.co/h8WL78d8Rr;, 1
RT @jndevis: Curioso q el pobre .@petrogustavo q no tiene ni para pagar la administraci√≥n d su casa  ni las multas x los detrimentos patrim‚Ä¶;,-1
RT @angelamrobledo: Esta noche a las 8:30 pm estar√© en Canal Capital conversando de las propuestas con las que junto con @petrogustavo vamo‚Ä¶;, 1
RT @PaisPrimero: Nos vemos en la segunda vuelta @sergio_fajardo y @ClaudiaLopez @petrogustavo y @angelamrobledo @DeLaCalleHum y @ClaraLop‚Ä¶;, 1
RT @amompotes: ¬°Llega #ElDebate! Escuche las ideas de @IvanDuque @petrogustavo @sergio_fajardo @german_vargas y @delacallehum este jueve‚Ä¶;,-1
@dianalunareja Esto se llama apropiaci√≥n cultural muy triste;, 1
RT @LawmperezMario: @CARACHOAPIA @IrreverentesCol @sergio_fajardo @PoloDemocratico @petrogustavo Obvio!!!!  @IvanDuque es claro  sin ataque‚Ä¶;, 1
As√≠ o m√°s claro? https://t.co/UyTuIdMokV;, 1
@DM_White Lo mejor es ir al ba√±o y no tener que cerrar la puerta;,-1
RT @gerapo2006: Les presento al profesor @charry_manager quien hizo parte del equipo t√©cnico encargado de dise√±ar las propuestas agrarias d‚Ä¶;, 1
"RT @Eleccionescolom: En un escenario de segunda vuelta por qui√©n votar√≠a?

üîÅ @petrogustavo 
‚ù§ @German_Vargas https://t.co/LOfplaEexZ";, 1
"RT @ColombiaHumana_: \Hoy a los j√≥venes les tiran la puerta de la universidad en la cara hay que lograr la gratuidad y la universalidad de‚Ä¶""";, 1
@DM_White Lo mejor es ir al ba√±o y no tener que cerrar la puerta;,-1
RT @gerapo2006: Les presento al profesor @charry_manager quien hizo parte del equipo t√©cnico encargado de dise√±ar las propuestas agrarias d‚Ä¶;, 1
@Arrocito_enbajo Jajajajaja üôàüôâüôä;, 1
RT @RevistaSemana: #ColombiaDecide | @petrogustavo llena plazas p√∫blicas y seduce a muchos j√≥venes con un discurso contra la pol√≠tica tradi‚Ä¶;, 1
@BluRadioCo @osoto74soto @petrogustavo Y la familia de Ch√°vez termino multimillonaria y Petro no quiere mostrar su‚Ä¶ https://t.co/etZr7MSi4k;,-1
"RT @The__Bosch: \Petro no es chavista\""... dec√≠an";, 1
"#PetroEnBlu https://t.co/WPY3lhnqo0""";, 1
Eso m√°s gasolina para q populista barato @petrogustavo siga incendiando este Pa√≠s. Va a perder elecciones eso es cl‚Ä¶ https://t.co/kiIY6fTleC;, 1
"RT @GustavoRugeIes: #Daro Casi linchan a @petrogustavo a su llegada a Cartagena; esto es lo qu√© pasa siempre pero √©l dice que es apoyo popu‚Ä¶";,-1
Al√©jate de lo que hace da√±o!;,-1
@BluRadioCo @AlvaroUribeVel @petrogustavo Y porqu√© Petro no quiere mostrar su declaraci√≥n de renta?;,-1
RT @ManosLimpiasCo: ATENCION: Alejandra Barrios  directora de @moecolombia confirma que lo que dice @petrogustavo. La @Registraduria debe p‚Ä¶;, 1
RT @elespectador: La prohibici√≥n al porte de armas de fuego que llev√≥ a la reducci√≥n de la tasa de homicidios en Bogot√° es uno de los log‚Ä¶;,-1
RT @LuisaEvapolopol: Este sr @petrogustavo  es implacable a la hora de se√±alar a los hijos de @AlvaroUribeVel  me gustar√≠a saber su opini√≥‚Ä¶;, 1
@Arrocito_enbajo Jajajajaja üôàüôâüôä;, 1
RT @RevistaSemana: #ColombiaDecide | @petrogustavo llena plazas p√∫blicas y seduce a muchos j√≥venes con un discurso contra la pol√≠tica tradi‚Ä¶;, 1
@BluRadioCo @osoto74soto @petrogustavo Y la familia de Ch√°vez termino multimillonaria y Petro no quiere mostrar su‚Ä¶ https://t.co/etZr7MSi4k;,-1
